{"temp_ww":46.0,"temp_vl":27.60000038,"temp_rl":27.60000038,"temp_au":9.800000191}
